{
    "bh282_hand_base": [[]],
    "bh282_finger0_0": [[0.01533, -0.0, 0.02527, 0.00423, 0.02999, 0.06199]],
    "bh282_finger0_1": [[0.00126, 0.01664, -0.05294, 0.02817, 0.00197, 0.0233], [0.00126, 0.01512, -0.02972, 0.02817, 0.00197, 0.0233], [0.00126, 0.01421, -0.00635, 0.02817, 0.00197, 0.0233]],
    "bh282_finger0_2": [[0.00126, 0.01359, -0.04418, 0.02817, 0.00197, 0.01902], [0.00126, 0.01183, -0.0319, 0.02817, 0.00197, 0.01902], [0.00126, 0.01005, -0.01661, 0.02817, 0.00197, 0.01902]],
    "bh282_finger1_0": [[-0.01402, -0.0, -0.02624, 0.00423, 0.02999, 0.06199]],
    "bh282_finger1_1": [[0.00126, 0.01664, -0.05294, 0.02817, 0.00197, 0.0233], [0.00126, 0.01512, -0.02972, 0.02817, 0.00197, 0.0233], [0.00126, 0.01421, -0.00635, 0.02817, 0.00197, 0.0233]],
    "bh282_finger1_2": [[0.00126, 0.01359, -0.04418, 0.02817, 0.00197, 0.01902], [0.00126, 0.01183, -0.0319, 0.02817, 0.00197, 0.01902], [0.00126, 0.01005, -0.01661, 0.02817, 0.00197, 0.01902]],
    "bh282_finger2_1": [[0.00126, 0.01664, -0.05294, 0.02817, 0.00197, 0.0233], [0.00126, 0.01512, -0.02972, 0.02817, 0.00197, 0.0233], [0.00126, 0.01421, -0.00635, 0.02817, 0.00197, 0.0233]],
    "bh282_finger2_2": [[0.00126, 0.01359, -0.04418, 0.02817, 0.00197, 0.01902], [0.00126, 0.01183, -0.0319, 0.02817, 0.00197, 0.01902], [0.00126, 0.01005, -0.01661, 0.02817, 0.00197, 0.01902]],
    "bh282_perception_palm": [[0.00126, 0.00048, 0.05718, 0.0787, 0.04176, 0.00745]],
    "World": [[]]
}