{
    "bh282_hand_base": [],
    "bh282_finger0_0": [
        [
            0.016723861917853355,
            -0.007654423359781504,
            -0.004374716896563768
        ],
        [
            0.015160100534558296,
            0.007374584674835205,
            0.029248695820569992
        ],
        [
            0.017405206337571144,
            0.00895722210407257,
            0.0503988079726696
        ],
        [
            0.015539243817329407,
            0.008298187516629696,
            0.008289098739624023
        ],
        [
            0.015599504113197327,
            -0.008390494622290134,
            0.03655059263110161
        ],
        [
            0.015160099603235722,
            -0.004742784425616264,
            0.049839213490486145
        ],
        [
            0.015160100534558296,
            0.0028386334888637066,
            0.04042036086320877
        ],
        [
            0.015160100534558296,
            0.0018906330224126577,
            0.018348917365074158
        ],
        [
            0.015160100534558296,
            -0.003657255321741104,
            0.006022483576089144
        ],
        [
            0.015160100534558296,
            -0.005742190405726433,
            0.026189738884568214
        ],
        [
            0.015447145327925682,
            0.000604960834607482,
            -0.0016794352559372783
        ],
        [
            0.015160100534558296,
            -0.00072029436705634,
            0.03308818116784096
        ],
        [
            0.017343468964099884,
            -0.008950453251600266,
            0.05586296319961548
        ],
        [
            0.015290179289877415,
            0.007916665636003017,
            0.0006885201437398791
        ]
    ],
    "bh282_finger0_1": [
        [
            0.006672135088592768,
            0.015794910490512848,
            -0.04472319036722183
        ],
        [
            0.007139143999665976,
            0.015733499079942703,
            -0.06260354816913605
        ],
        [
            -0.0075325146317481995,
            0.016010290011763573,
            -0.04561319947242737
        ],
        [
            -0.003469894640147686,
            0.013983252458274364,
            -0.016509030014276505
        ],
        [
            -0.0014736942248418927,
            0.015379327349364758,
            -0.036553870886564255
        ],
        [
            -0.0010069312993437052,
            0.016690265387296677,
            -0.05537630245089531
        ],
        [
            0.00106379936914891,
            0.014673301950097084,
            -0.026416756212711334
        ],
        [
            -0.008468721061944962,
            0.01643539033830166,
            -0.06285002827644348
        ],
        [
            0.00299930851906538,
            0.013620628044009209,
            -0.011302473023533821
        ],
        [
            -0.00849053543061018,
            0.016295257955789566,
            -0.05358847230672836
        ],
        [
            -0.0003884797915816307,
            0.016158506274223328,
            -0.04774130880832672
        ]
    ],
    "bh282_finger0_2": [
        [
            0.006586513947695494,
            0.012698822654783726,
            -0.052368275821208954
        ],
        [
            -0.010898346081376076,
            0.010911230929195881,
            -0.03746265918016434
        ],
        [
            -0.004354183096438646,
            0.010644497349858284,
            -0.022217251360416412
        ],
        [
            0.005500711500644684,
            0.009533116593956947,
            -0.010628800839185715
        ],
        [
            0.002572488272562623,
            0.012307408265769482,
            -0.03955657035112381
        ],
        [
            -2.2249296307563782e-05,
            0.011446132324635983,
            -0.03057597391307354
        ],
        [
            -0.0034410099033266306,
            0.009747662581503391,
            -0.012865894474089146
        ],
        [
            -0.004879317246377468,
            0.01281430758535862,
            -0.044842034578323364
        ],
        [
            0.004466252867132425,
            0.01065767277032137,
            -0.022354647517204285
        ],
        [
            -0.010270344093441963,
            0.009891082532703876,
            -0.01727023534476757
        ]
    ],
    "bh282_finger1_0": [
        [
            -0.014907368458807468,
            -0.0015791109763085842,
            -0.043283239006996155
        ],
        [
            -0.015458871610462666,
            -0.007847689092159271,
            0.001114875078201294
        ],
        [
            -0.015428594313561916,
            -0.008327274583280087,
            -0.02222469449043274
        ],
        [
            -0.015363447368144989,
            0.008294288069009781,
            -0.029686132445931435
        ],
        [
            -0.015057781711220741,
            0.0030273788142949343,
            -0.01754944398999214
        ],
        [
            -0.014844795688986778,
            0.003447858849540353,
            -0.0539887472987175
        ],
        [
            -0.015112184919416904,
            -0.0020817462354898453,
            -0.008241546340286732
        ],
        [
            -0.014980053529143333,
            -0.002011551521718502,
            -0.03084765002131462
        ],
        [
            -0.015559179708361626,
            -0.008410094305872917,
            -0.01380612701177597
        ],
        [
            -0.015150756575167179,
            0.0028466207440942526,
            -0.0016423213528469205
        ],
        [
            -0.014946009032428265,
            0.0029915813356637955,
            -0.03667235001921654
        ],
        [
            -0.01501445472240448,
            0.0025032763369381428,
            -0.024962065741419792
        ]
    ],
    "bh282_finger1_1": [
        [
            -0.008647415786981583,
            0.01630815863609314,
            -0.0566287562251091
        ],
        [
            -0.007767942268401384,
            0.014427289366722107,
            -0.02288449928164482
        ],
        [
            0.0047663738951087,
            0.01570819318294525,
            -0.0412757433950901
        ],
        [
            0.006851195357739925,
            0.014369426295161247,
            -0.025327065959572792
        ],
        [
            0.002463659970089793,
            0.016505030915141106,
            -0.0527167022228241
        ],
        [
            -0.003783655818551779,
            0.01517754141241312,
            -0.03365662321448326
        ],
        [
            -0.003454382997006178,
            0.013737563043832779,
            -0.01298142783343792
        ],
        [
            0.0047055622562766075,
            0.015160929411649704,
            -0.03341811150312424
        ],
        [
            -0.0006971600232645869,
            0.01467080693691969,
            -0.02638094313442707
        ],
        [
            -0.001042243093252182,
            0.016037026420235634,
            -0.045997098088264465
        ]
    ],