{
    "hand": [[]],
    "left_finger": [[0.0, 0.0, 0.0443, 0.00278, 0.02219, 0.02219]],
    "right_finger": [[0.0, 0.0, 0.0443, 0.00278, 0.02219, 0.02219]]
}