{
    "hand": [],
    "left_finger": [
        [
            0.00022933611762709916,
            0.007373961620032787,
            0.052589014172554016
        ],
        [
            0.00046914367703720927,
            0.006669187918305397,
            0.03593333065509796
        ],
        [
            -0.00016000019968487322,
            -0.006081805564463139,
            0.04144427925348282
        ],
        [
            -0.0001599999814061448,
            -0.002620828803628683,
            0.05104605853557587
        ],
        [
            -0.000159999675815925,
            0.0022015387658029795,
            0.04339985549449921
        ],
        [
            -7.608476880704984e-05,
            0.00028467440279200673,
            0.03670106455683708
        ],
        [
            0.00023710067034699023,
            0.008219115436077118,
            0.046323422342538834
        ]
    ],
    "right_finger": [
        [
            0.0005341963842511177,
            0.008203581906855106,
            0.05236852169036865
        ],
        [
            0.0002454538189340383,
            -6.417278200387955e-06,
            0.03612213954329491
        ],
        [
            -0.00010546725388849154,
            -0.00695502944290638,
            0.05192827805876732
        ],
        [
            -0.00015999982133507729,
            0.00015024072490632534,
            0.04587534815073013
        ],
        [
            0.0012369909090921283,
            0.0008236684370785952,
            0.052969999611377716
        ],
        [
            0.0007400368922390044,
            -0.006968679837882519,
            0.035847097635269165
        ],
        [
            0.000767768535297364,
            0.007884705439209938,
            0.03600294142961502
        ]
    ]
}