{
    "hand": [],
    "left_finger_child": [[0.0, 0.0175, 0.03], [0, 0.00812, 0.04448]],
    "right_finger_child": [[0.0, 0.0175, 0.03],[0, 0.00812, 0.04448]]
}